model,folds,mean_balanced_accuracy,std_balanced_accuracy,min_balanced_accuracy,max_balanced_accuracy
Random-Walk Persistence Benchmark,5,0.553498651453544,0.034147897673016986,0.5171240910157167,0.6048523512638345
Logistic Regression,5,0.5380807718900202,0.01864307746742023,0.5162389444686095,0.5589201877934272
Random Forest,5,0.5354117866344911,0.032102452071706346,0.4981896835472798,0.5664788732394366
Decision Tree,5,0.5020367190691022,0.04229291565586946,0.45473484848484846,0.5616232699976542
Majority Class Benchmark,5,0.5,0.0,0.5,0.5
